"","n_vars","accuracy"
"1",5,0.77050505050505
"2",10,0.830909090909091
"3",15,0.707878787878788
"4",20,0.75010101010101
"5",25,0.75010101010101
"6",28,0.75010101010101
